sku,length_mm,height_mm,width_mm,content_pieces,is_multipack,packaging
11479741,70.0,235.0,70.0,1,False,Gable Top
10698378,79.0,237.0,79.0,1,False,Gable Top
11835897,213.0,38.0,174.0,1,False,Bag
11383196,95.0,130.0,95.0,1,False,Cup\Tub
11413892,180.0,53.0,180.0,1,False,Tray
12077488,132.0,133.0,132.0,1,False,Bucket
90000704,45.0,210.0,157.0,1,False,Tray
11540304,179.0,38.0,139.0,2,False,Tray
12055863,178.0,60.0,140.0,1,False,Tray
11791931,290.0,50.0,220.0,1,False,Bag
11477596,67.0,127.0,67.0,1,False,Jar
11426954,200.0,40.0,200.0,1,False,Tray
12048467,210.0,40.0,180.0,4,False,Bag
10764931,79.0,237.0,79.0,1,False,Gable Top
11999044,240.0,90.0,165.0,1,False,Tray
10618858,93.0,52.0,93.0,1,False,Cup\Tub
11695484,188.0,21.0,145.0,1,False,Bag
11960242,153.0,14.0,117.0,1,False,Tray
10556948,174.0,180.0,174.0,1,False,Not packed
12107781,109.0,40.0,64.0,1,False,Wrapper
10562429,17.0,115.0,212.0,1,False,Tray
11390411,220.0,50.0,150.0,1,False,Bag
11472986,167.0,53.0,110.0,1,False,Tray
90006096,248.0,71.0,133.0,1,False,Tray
11397146,240.0,110.0,170.0,1,False,Net
11953790,110.0,60.0,110.0,1,False,Shrinkwrapped
10761826,110.0,60.0,60.0,1,False,Shrinkwrapped
10576366,180.0,20.0,130.0,1,False,Tray
11411346,74.0,154.0,141.0,4,False,Tray
11790682,270.0,55.0,185.0,1,False,Bag
10289008,178.0,48.0,138.0,4,False,Tray
10074669,31.0,182.0,179.0,1,False,Bag
11741150,350.0,100.0,100.0,1,False,Bag
11976069,190.0,55.0,142.0,1,False,Tray
11718459,179.0,48.0,139.0,2,False,Tray
10558958,160.0,56.0,56.0,1,False,Tray
10767518,85.0,98.0,98.0,1,False,Cup\Tub
10281919,100.0,45.0,152.0,1,False,Bag
10074798,183.0,48.0,83.0,1,False,Tray
90006111,297.0,21.0,260.0,2,False,Bag
90006030,179.0,45.0,123.0,1,False,Tray
10761956,90.0,48.0,90.0,1,False,Cup\Tub
11578393,240.0,90.0,165.0,1,False,Box
12050440,133.0,112.0,133.0,1,False,Cup\Tub
11817746,240.0,90.0,165.0,1,False,Tray
11410390,110.0,60.0,60.0,1,False,Shrinkwrapped
11290917,186.0,40.0,138.0,1,False,Tray
11791928,310.0,50.0,220.0,1,False,Bag
11425567,330.0,110.0,260.0,1,False,Bag
11463862,220.0,50.0,185.0,1,False,Bag
10164944,180.0,20.0,130.0,1,False,Tray
11717060,179.0,48.0,139.0,2,False,Tray
12121040,405.0,60.0,80.0,1,False,Not packed
11479759,70.0,235.0,70.0,1,False,Gable Top
90000710,210.0,45.0,157.0,1,False,Tray
10462008,194.0,76.0,128.0,6,False,Bag
11283360,76.0,239.0,75.0,1,False,Gable Top
11696674,188.0,21.0,145.0,1,False,Bag
10742686,208.0,23.0,233.0,1,False,Tray
12053707,90.0,240.0,165.0,1,False,Tray
11299275,54.0,180.0,135.0,1,False,Net
11760449,179.0,48.0,139.0,1,False,Tray
11429666,179.0,45.0,139.0,2,False,Tray
11845936,240.0,90.0,165.0,1,False,Tray
12076836,210.0,35.0,80.0,1,False,Tray
90003703,217.0,41.0,174.0,1,False,Tray
11298357,157.0,78.0,210.0,6,False,Sleeve
90006058,135.0,43.0,112.0,1,False,Tray
11477922,79.0,237.0,79.0,1,False,Gable Top
10561634,300.0,88.0,233.0,1,False,Net
90006128,150.0,78.0,144.0,4,False,Sleeve
12107782,146.0,72.0,95.0,1,False,Cup\Tub
11292684,179.0,38.0,139.0,5,False,Tray
10768665,75.0,236.0,75.0,1,False,Gable Top
10762299,95.0,129.0,95.0,1,False,Cup\Tub
10959778,161.0,76.0,80.0,8,True,Box
10657608,360.0,50.0,100.0,1,False,Bag
12121958,15.0,250.0,145.0,1,False,Bag
10074784,178.0,48.0,80.0,1,False,Tray
11281686,232.0,22.0,146.0,10,False,Tray
10075926,168.0,43.0,130.0,1,False,Bag
90006135,157.0,86.0,153.0,4,False,Tray
10074113,133.0,88.0,114.0,1,False,Tray
10761827,110.0,60.0,60.0,1,False,Shrinkwrapped
10164913,180.0,20.0,130.0,1,False,Tray
11383021,24.0,230.0,145.0,2,False,Tray
10075970,270.0,50.0,220.0,1,False,Bag
10289988,178.0,48.0,138.0,4,False,Tray
11742647,75.0,129.0,129.0,1,False,Cup\Tub
11470272,70.0,235.0,70.0,1,False,Gable Top
11999042,240.0,90.0,165.0,1,False,Tray
10772972,110.0,60.0,60.0,1,False,Shrinkwrapped
10074724,185.0,48.0,77.0,1,False,Tray
11937366,132.0,130.0,132.0,1,False,Cup\Tub
11768790,48.0,129.0,92.0,1,False,Cup\Tub
90006028,150.0,150.0,150.0,2,False,Net
11717087,79.0,237.0,79.0,1,False,Gable Top
11817391,330.0,50.0,250.0,1,False,Bag
10761177,73.0,235.0,73.0,1,False,Gable Top
10075055,200.0,50.0,185.0,1,False,Bag
11408011,159.0,44.0,127.0,1,False,Tray
10760988,77.0,237.0,76.0,1,False,Gable Top
11579126,70.0,230.0,70.0,1,False,Gable Top
10075932,220.0,40.0,185.0,1,False,Bag
11719625,80.0,130.0,130.0,1,False,Cup\Tub
10760882,112.0,42.0,85.0,1,False,Cup\Tub
90006086,122.0,40.0,122.0,1,False,Cup\Tub
12163632,15.0,154.0,230.0,1,False,Wrapper
10074790,185.0,48.0,69.0,1,False,Tray
11738318,232.0,44.0,146.0,1,False,Tray
11716297,232.0,30.0,146.0,1,False,Tray
11286803,179.0,60.0,139.0,1,False,Tray
11299400,240.0,55.0,170.0,1,False,Bag
10286088,179.0,48.0,139.0,1,False,Tray
10467868,410.0,30.0,170.0,1,False,Bag
11718785,112.0,94.0,112.0,1,False,Cup\Tub
11812234,139.0,38.0,179.0,2,False,Tray
12123147,79.0,237.0,79.0,1,False,Gable Top
10568707,95.0,154.0,230.0,6,False,Sleeve
11421441,133.0,113.0,133.0,1,False,Cup\Tub
10281999,152.0,45.0,100.0,1,False,Bag
11937369,79.0,237.0,79.0,1,False,Gable Top
11400153,85.0,100.0,186.0,4,True,Sleeve
10254911,15.0,154.0,230.0,1,False,Tray
10291999,167.0,51.0,134.0,1,False,Tray
10761869,165.0,35.0,90.0,1,False,Tray
11419524,300.0,60.0,220.0,1,False,Bag
10075913,260.0,40.0,185.0,1,False,Bag
10760273,75.0,237.0,75.0,1,False,Gable Top
10075995,230.0,60.0,220.0,1,False,Bag
10764124,219.0,66.0,184.0,1,False,Not packed
10281918,130.0,45.0,147.0,1,False,Bag
10075079,260.0,50.0,160.0,1,False,Bag
11413895,260.0,40.0,185.0,1,False,Bag
11941316,185.0,57.0,90.0,1,False,Bag
10075927,250.0,50.0,185.0,1,False,Bag
10074791,184.0,48.0,77.0,1,False,Tray
11791498,190.0,40.0,185.0,1,False,Bag
10291907,165.0,51.0,137.0,1,False,Tray
11292910,133.0,46.0,188.0,1,False,Bag
11323764,232.0,50.0,146.0,1,False,Tray
10252057,180.0,20.0,134.0,1,False,Tray
11425564,360.0,70.0,330.0,1,False,Bag
12039050,240.0,90.0,165.0,1,False,Tray
11953822,240.0,90.0,165.0,1,False,Tray
11429410,240.0,90.0,165.0,1,False,Tray
11409534,35.0,206.0,179.0,1,False,Bag
10074665,35.0,206.0,179.0,1,False,Bag
11421515,132.0,130.0,132.0,1,False,Cup\Tub
10286119,260.0,30.0,176.0,2,False,Tray
11281693,232.0,60.0,146.0,2,False,Tray
11466283,108.0,42.0,142.0,1,False,Cup\Tub
10286008,232.0,50.0,146.0,2,False,Tray
11720237,179.0,38.0,139.0,1,False,Tray
10074786,185.0,48.0,77.0,1,False,Tray
11612946,117.0,85.0,117.0,1,False,Cup\Tub
10075065,300.0,65.0,220.0,1,False,Bag
11936994,82.0,70.0,82.0,1,False,Cup\Tub
12161612,15.0,154.0,230.0,1,False,Wrapper
10760236,111.0,46.0,84.0,5,False,Net
11478308,79.0,237.0,79.0,1,False,Gable Top
10075983,80.0,195.0,175.0,1,False,Tray
11711360,240.0,90.0,165.0,1,False,Tray
10454991,185.0,15.0,210.0,1,False,Tray
11281768,270.0,50.0,185.0,1,False,Bag
10074851,260.0,60.0,220.0,1,False,Bag
12105120,60.0,265.0,220.0,1,False,Bag
10075051,330.0,50.0,250.0,1,False,Bag
11326121,79.0,237.0,79.0,1,False,Gable Top
12045993,178.0,35.0,140.0,1,False,Tray
11389526,164.0,48.0,79.0,1,False,Tray
11478313,75.0,236.0,75.0,1,False,Gable Top
11716289,179.0,48.0,139.0,1,False,Tray
10760367,140.0,36.0,135.0,1,False,Bag
90006025,213.0,56.0,123.0,2,False,Tray
11791787,260.0,50.0,185.0,1,False,Bag
10241849,180.0,20.0,134.0,1,False,Tray
10291906,167.0,51.0,137.0,1,False,Tray
12094587,200.0,25.0,135.0,1,False,Wrapper
10075929,240.0,60.0,220.0,1,False,Bag
10550998,41.0,241.0,179.0,1,False,Bag
11476582,190.0,90.0,120.0,1,False,Clam Shell
11999043,240.0,90.0,165.0,1,False,Tray
10762066,197.0,16.0,135.0,1,False,Tray
11716305,232.0,41.0,146.0,1,False,Tray
11462296,140.0,80.0,115.0,1,False,Tray
10254954,185.0,15.0,260.0,1,False,Tray
10272908,179.0,32.0,139.0,2,False,Tray
10075934,160.0,30.0,140.0,1,False,Bag
10075937,330.0,70.0,250.0,1,False,Bag
11716323,80.0,200.0,150.0,1,False,Tray
11383042,35.0,192.0,145.0,2,False,Tray
11828813,115.0,30.0,195.0,1,False,Bag
11960974,110.0,60.0,110.0,1,False,Shrinkwrapped
10697318,262.0,71.0,64.0,1,False,Bag
10075940,40.0,220.0,185.0,1,False,Tray
10075920,260.0,50.0,220.0,1,False,Bag
10074799,185.0,48.0,69.0,1,False,Tray
10075922,140.0,30.0,140.0,1,False,Bag
11425561,300.0,60.0,220.0,1,False,Bag
90006006,218.0,78.0,148.0,6,False,Sleeve
11757199,140.0,18.0,105.0,1,False,Tray
11716285,160.0,45.0,122.0,1,False,Tray
10074882,178.0,56.0,130.0,1,False,Tray
90006052,74.0,154.0,141.0,4,False,Sleeve
11479754,70.0,235.0,70.0,1,False,Gable Top
11971072,115.0,97.0,115.0,1,False,Cup\Tub
12154475,139.0,48.0,179.0,1,False,Tray
90006022,90.0,200.0,90.0,1,False,Not packed
10075034,90.0,240.0,165.0,1,False,Box
10760225,63.0,63.0,374.0,1,False,Bag
10691308,262.0,73.0,155.0,6,False,Bag
10075971,220.0,60.0,220.0,1,False,Bag
11716278,232.0,60.0,146.0,1,False,Tray
12046025,81.0,241.0,81.0,1,False,Bottle
10768346,110.0,60.0,290.0,1,False,Bag
90006069,177.0,91.0,175.0,3,False,Net
11299997,177.0,56.0,130.0,1,False,Bag
11660631,86.0,95.0,188.0,4,True,Sleeve
90000650,187.0,40.0,137.0,1,False,Tray
90006021,130.0,90.0,130.0,1,False,Not packed
11743339,227.0,50.0,178.0,1,False,Bag
10760994,75.0,236.0,75.0,1,False,Gable Top
10074855,280.0,50.0,185.0,1,False,Bag
11431436,300.0,60.0,170.0,2,True,Bag
11716774,179.0,48.0,139.0,1,False,Tray
10768533,18.0,165.0,112.0,1,False,Tray
11809881,190.0,50.0,125.0,1,False,Tray
11791797,260.0,50.0,250.0,1,False,Bag
90006109,130.0,110.0,110.0,1,False,Not packed
10286078,230.0,60.0,145.0,1,False,Tray
11296552,31.0,182.0,179.0,1,False,Bag
11411526,35.0,192.0,145.0,1,False,Tray
10558988,173.0,66.0,130.0,1,False,Tray
11801325,95.0,123.0,95.0,1,False,Cup\Tub
11746265,92.0,48.0,132.0,1,False,Cup\Tub
11406433,80.0,120.0,120.0,4,False,Tray
12053708,90.0,240.0,165.0,1,False,Tray
10074876,188.0,50.0,90.0,1,False,Tray
10454992,226.0,18.0,172.0,1,False,Tray
11953816,240.0,90.0,165.0,1,False,Tray
90006051,185.0,128.0,130.0,5,False,Tray
10467658,336.0,139.0,123.0,1,False,Not packed
10762360,78.0,237.0,78.0,1,False,Gable Top
11626002,200.0,50.0,135.0,1,False,Tray
11746510,150.0,44.0,50.0,2,False,Bag
11716291,146.0,60.0,232.0,1,False,Tray
11833550,179.0,60.0,139.0,1,False,Bag
12083513,60.0,110.0,110.0,1,False,Cup\Tub
11717089,79.0,237.0,79.0,1,False,Gable Top
11296472,196.0,37.0,154.0,12,False,Tray
11791925,260.0,50.0,250.0,1,False,Bag
10573498,190.0,50.0,175.0,1,False,Tray
12039049,240.0,90.0,165.0,1,False,Tray
10768786,79.0,237.0,79.0,1,False,Gable Top
10075993,180.0,70.0,180.0,1,False,Tray
11840573,90.0,48.0,90.0,1,False,Cup\Tub
11479749,70.0,235.0,70.0,1,False,Gable Top
10074853,60.0,340.0,250.0,1,False,Bag
12149890,90.0,240.0,165.0,1,False,Tray
11419521,240.0,40.0,220.0,1,False,Bag
12095372,40.0,40.0,280.0,1,False,Bag
11470291,70.0,235.0,70.0,1,False,Gable Top
11383720,200.0,50.0,150.0,1,False,Bag
10074852,300.0,60.0,250.0,1,False,Bag
11297596,280.0,60.0,60.0,1,False,Not packed
11716304,232.0,41.0,146.0,1,False,Tray
11740939,60.0,185.0,185.0,1,False,Cup\Tub
12049896,95.0,52.0,95.0,1,False,Cup\Tub
90006027,120.0,50.0,120.0,2,False,Net
10074854,280.0,60.0,220.0,1,False,Bag
10075917,320.0,60.0,220.0,1,False,Bag
10467838,150.0,150.0,150.0,1,False,Not packed
11845170,230.0,15.0,154.0,1,False,Tray
10761173,79.0,237.0,79.0,1,False,Gable Top
11479728,70.0,235.0,70.0,1,False,Gable Top
10574091,108.0,42.0,142.0,1,False,Cup\Tub
11431433,200.0,100.0,200.0,1,False,Bag
12050443,76.0,238.0,76.0,1,False,Gable Top
12121965,40.0,260.0,185.0,1,False,Bag
90006095,227.0,53.0,174.0,1,False,Bag
11404411,129.0,43.0,90.0,1,False,Tray
12090532,230.0,15.0,154.0,1,False,Tray
11299179,300.0,60.0,220.0,1,False,Bag
11779343,54.0,81.0,185.0,2,True,Box
11627789,200.0,40.0,135.0,1,False,Tray
11813167,79.0,237.0,79.0,1,False,Gable Top
10075936,270.0,60.0,220.0,1,False,Bag
11833549,115.0,45.0,115.0,1,False,Box
12050647,178.0,48.0,138.0,6,False,Tray
11299669,102.0,245.0,79.0,1,False,Gable Top
10074677,210.0,80.0,180.0,2,False,Bag
90006036,173.0,72.0,143.0,4,False,Sleeve
11791229,270.0,50.0,185.0,1,False,Bag
11957985,79.0,82.0,143.0,1,False,Cup\Tub
11454962,111.0,54.0,111.0,1,False,Cup\Tub
10075988,180.0,70.0,180.0,1,False,Tray
11292577,79.0,237.0,79.0,1,False,Gable Top
10075905,180.0,70.0,180.0,1,False,Tray
11386888,95.0,80.0,95.0,1,False,Cup\Tub
10576928,80.0,30.0,170.0,2,True,Tray
11809852,150.0,30.0,100.0,4,False,Sleeve
12068879,57.0,219.0,57.0,1,False,Aerosol
10697538,200.0,28.0,270.0,1,False,Bag
10075073,220.0,60.0,140.0,1,False,Tray
90006124,226.0,61.0,90.0,1,False,Bag
11752201,178.0,35.0,140.0,2,False,Tray
12050450,133.0,113.0,133.0,1,False,Cup\Tub
11539784,179.0,45.0,139.0,1,False,Tray
10074666,35.0,221.0,159.0,1,False,Bag
11472328,98.0,110.0,98.0,1,False,Cup\Tub
11421440,131.0,134.0,131.0,1,False,Cup\Tub
11470259,70.0,235.0,70.0,1,False,Gable Top
11752327,178.0,35.0,140.0,1,False,Tray
10468098,187.0,123.0,152.0,1,False,Bag
10075923,210.0,40.0,140.0,1,False,Bag
10551548,150.0,150.0,150.0,1,False,Not packed
11294399,179.0,45.0,139.0,1,False,Tray
11988342,174.0,60.0,270.0,1,False,Tray
90006078,193.0,105.0,119.0,10,False,Tray
11383197,131.0,134.0,131.0,1,False,Cup\Tub
10075909,260.0,50.0,185.0,1,False,Bag
10760159,110.0,50.0,110.0,1,False,Bag
12053706,90.0,240.0,165.0,1,False,Tray
11716292,179.0,48.0,139.0,1,False,Tray
12090522,73.0,97.0,73.0,1,False,Cup\Tub
90001912,187.0,78.0,174.0,10,False,Bag
11717064,232.0,80.0,146.0,5,False,Tray
90006029,131.0,128.0,128.0,1,False,Not packed
11715939,179.0,40.0,103.0,1,False,Tray
10074660,35.0,206.0,179.0,1,False,Bag
11291716,93.0,239.0,149.0,1,False,Jug
10074787,185.0,43.0,77.0,1,False,Tray
11454890,118.0,32.0,124.0,1,False,Tray
11478299,75.0,236.0,75.0,1,False,Gable Top
90006001,119.0,66.0,92.0,2,False,Tray
12011695,66.0,205.0,66.0,1,False,Bottle
11389530,298.0,88.0,94.0,1,False,Tray
10074682,72.0,100.0,190.0,5,False,Net
11716773,179.0,60.0,139.0,1,False,Tray
10760450,94.0,112.0,112.0,1,False,Cup\Tub
10075943,45.0,110.0,110.0,1,False,Clam Shell
90006000,291.0,40.0,155.0,1,False,Bag
10075064,280.0,50.0,220.0,1,False,Bag
90006048,214.0,131.0,210.0,1,False,Bag
11697305,115.0,212.0,214.0,1,False,Net
11800322,115.0,52.0,115.0,1,False,Cup\Tub
10760028,90.0,60.0,90.0,1,False,Cup\Tub
11953821,165.0,240.0,90.0,1,False,Tray
10074662,35.0,206.0,179.0,1,False,Bag
11716277,179.0,48.0,139.0,1,False,Tray
11480037,70.0,235.0,70.0,1,False,Gable Top
11800891,179.0,48.0,139.0,1,False,Tray
12011701,82.0,256.0,82.0,1,False,Bottle
10281938,179.0,48.0,139.0,1,False,Tray
11300003,260.0,120.0,140.0,1,False,Bag
11717068,178.0,40.0,103.0,1,False,Tray
11478359,75.0,236.0,75.0,1,False,Gable Top
11426957,200.0,40.0,200.0,1,False,Tray
12121966,260.0,40.0,185.0,1,False,Bag
11294414,179.0,45.0,139.0,1,False,Tray
11757203,70.0,35.0,90.0,1,False,Wrapper
90000647,187.0,44.0,134.0,2,False,Tray
11757843,260.0,48.0,178.0,4,False,Tray
10761152,90.0,43.0,154.0,1,False,Cup\Tub
10074777,41.0,241.0,179.0,1,False,Bag
11628521,128.0,45.0,208.0,1,False,Bag
10005358,75.0,35.0,100.0,1,False,Wrapper
10618868,58.0,110.0,58.0,6,False,Can
12111632,150.0,60.0,100.0,1,False,Wrapper
11700489,76.0,225.0,76.0,1,False,Bottle
11791501,220.0,40.0,220.0,1,False,Bag
10671398,61.0,76.0,125.0,1,False,Wrapper
10075054,290.0,50.0,285.0,1,False,Bag
10768502,49.0,96.0,96.0,1,False,Cup\Tub
11296537,33.0,190.0,159.0,1,False,Bag
11324294,178.0,40.0,138.0,2,False,Tray
10467848,173.0,141.0,156.0,1,False,Bag
11291718,79.0,237.0,79.0,1,False,Gable Top
11964058,186.0,42.0,137.0,1,False,Tray
10074399,31.0,182.0,179.0,1,False,Bag
11399893,200.0,40.0,200.0,1,False,Tray
12045996,178.0,35.0,140.0,1,False,Tray
11479744,70.0,235.0,70.0,1,False,Gable Top
11474167,120.0,39.0,163.0,8,False,Tray
90006074,120.0,39.0,130.0,1,False,Tray
10075901,260.0,50.0,160.0,1,False,Bag
11292043,186.0,40.0,137.0,1,False,Tray
11425372,195.0,80.0,175.0,1,False,Tray
11716287,146.0,60.0,232.0,1,False,Tray
11818116,35.0,192.0,145.0,1,False,Tray
11463877,230.0,40.0,220.0,1,False,Bag
11754401,139.0,38.0,179.0,1,False,Tray
10074776,45.0,277.0,179.0,1,False,Bag
12053705,90.0,240.0,165.0,1,False,Tray
11706929,230.0,50.0,160.0,1,False,Bag
90006062,135.0,63.0,96.0,3,False,Tray
11763456,179.0,48.0,139.0,1,False,Tray
90006116,279.0,93.0,274.0,1,False,Bag
11817388,290.0,50.0,220.0,1,False,Bag
12123151,79.0,237.0,79.0,1,False,Gable Top
11835899,215.0,56.0,170.0,1,False,Bag
11829912,139.0,48.0,179.0,1,False,Tray
11421104,99.0,130.0,99.0,1,False,Cup\Tub
12161528,79.0,237.0,79.0,1,False,Gable Top
10289938,219.0,30.0,126.0,2,False,Tray
12042645,98.0,54.0,98.0,1,False,Cup\Tub
11716281,232.0,48.0,146.0,1,False,Tray
11818113,35.0,192.0,145.0,1,False,Tray
12048468,330.0,40.0,260.0,3,False,Bag
10762125,75.0,236.0,75.0,1,False,Gable Top
11765450,350.0,38.0,42.0,1,False,Bag
11299303,70.0,189.0,114.0,1,False,Tray
11405979,73.0,248.0,99.0,1,False,Gable Top
11700347,95.0,101.0,95.0,1,False,Cup\Tub
12085189,180.0,20.0,130.0,1,False,Tray
10164927,180.0,20.0,130.0,1,False,Tray
11299177,240.0,50.0,185.0,1,False,Bag
90006007,132.0,93.0,117.0,1,False,Tray
10440028,79.0,237.0,79.0,1,False,Gable Top
10561650,240.0,130.0,250.0,1,False,Net
10765755,95.0,123.0,95.0,1,False,Cup\Tub
12131668,79.0,237.0,79.0,1,False,Gable Top
11714243,95.0,125.0,95.0,1,False,Cup\Tub
10558218,287.0,111.0,213.0,1,False,Bag
11628499,140.0,45.0,94.0,1,False,Bag
11390427,270.0,60.0,220.0,1,False,Bag
11399883,81.0,248.0,99.0,1,False,Gable Top
11720351,210.0,10.0,160.0,1,False,Bag
11472967,164.0,37.0,109.0,1,False,Tray
10557048,174.0,76.0,139.0,1,False,Tray
11999046,240.0,90.0,165.0,1,False,Tray
10075935,312.0,71.0,231.0,1,False,Bag
11463859,60.0,250.0,190.0,1,False,Bag
10989928,73.0,97.0,147.0,1,False,Cup\Tub
10761151,90.0,43.0,154.0,1,False,Cup\Tub
11296532,40.0,206.0,179.0,1,False,Bag
10466718,96.0,260.0,128.0,1,False,Bag
10281998,140.0,45.0,86.0,1,False,Bag
11465527,210.0,10.0,210.0,1,False,Tray
11296437,216.0,45.0,138.0,1,False,Bag
11385494,12.0,277.0,231.0,5,False,Bag
10254073,15.0,154.0,230.0,1,False,Tray
11404412,129.0,40.0,90.0,1,False,Tray
11716299,146.0,60.0,232.0,1,False,Tray
